"Amiko (Амико) за нормално кръвно налягане, 60 таблетки, Хелти Лайф",16.59,https://cdn2.aptekamedea.bg/media/catalog/product/cache/1/small_image/188x188/9df78eab33525d08d6e5fb8d27136e95/1/6/1602113_amico60_mp_bg2.jpg,3,HEALTH,VEINS-AND-HEMORRHOIDS,FALSE,16.59
"CoQ10 Powder - естествено ферментирал и чист CoQ10 на прах за 200мг. х 30 броя, Doctor's Best",74.99,https://cdn2.aptekamedea.bg/media/catalog/product/cache/1/small_image/188x188/9df78eab33525d08d6e5fb8d27136e95/q/1/q10_x_30.jpg,3,HEALTH,VEINS-AND-HEMORRHOIDS,TRUE,70.00
"Doppelherz Коензим Q10 + B-Витамини, Хранителна добавка за тонус и енергия, 30 капсули",9.69,https://cdn2.aptekamedea.bg/media/catalog/product/cache/1/small_image/188x188/9df78eab33525d08d6e5fb8d27136e95/d/h/dh_q10_v2017_right_700x980px.png,2,HEALTH,VEINS-AND-HEMORRHOIDS,TRUE,8.69
"Fortex Нолипид, за нормални нива на холестерола, 10мг, 30 таблетки",10.79,https://cdn2.aptekamedea.bg/media/catalog/product/cache/1/small_image/188x188/9df78eab33525d08d6e5fb8d27136e95/f/o/fortex_nolipid_tabl_3d_bg300x300.png,5,HEALTH,VEINS-AND-HEMORRHOIDS,FALSE,10.79
"L-Cysteine Л-Цистеин 500мг. х 100 таблетки, Now Foods",46.99,https://cdn2.aptekamedea.bg/media/catalog/product/cache/1/small_image/188x188/9df78eab33525d08d6e5fb8d27136e95/7/2/720-2_7.jpeg,4,HEALTH,VEINS-AND-HEMORRHOIDS,FALSE,46.99
"L-Аргинин аминокиселини, Хранителна добавка, 500мг, 100 капсули, Now Foods",31.99,https://cdn2.aptekamedea.bg/media/catalog/product/cache/1/small_image/188x188/9df78eab33525d08d6e5fb8d27136e95/l/-/l-arginine-500-mg-100-kapsuli-404-800x800.jpg,3,HEALTH,VEINS-AND-HEMORRHOIDS,FALSE,31.99
"NotroClot (НотроКлот 100мг. - ензим от Натто екстракт за нормалното кръвообращение, капсули х 30, Kendy",14.39,https://cdn2.aptekamedea.bg/media/catalog/product/cache/1/small_image/188x188/9df78eab33525d08d6e5fb8d27136e95/i/m/imgonline-com-ua-compressed-6jna6cmuszlcg.jpg,1,HEALTH,VEINS-AND-HEMORRHOIDS,FALSE,14.39
"Pilex (Пайлекс) Крем при разширени вени, хемороиди, 30гр., Himalaya",3.09,https://cdn2.aptekamedea.bg/media/catalog/product/cache/1/small_image/188x188/9df78eab33525d08d6e5fb8d27136e95/p/r/product_38.jpg,3,HEALTH,VEINS-AND-HEMORRHOIDS,FALSE,3.09
"PQQ, антиоскидантни свойтва, подпомага нервната система, 20мг, 30 капсули, Doctor's Best",62.19,https://cdn2.aptekamedea.bg/media/catalog/product/cache/1/small_image/188x188/9df78eab33525d08d6e5fb8d27136e95/6/1/613o-nbxcyl._sx522_.jpg,4,HEALTH,VEINS-AND-HEMORRHOIDS,FALSE,62.19
ZONA PHARM КОЛОНПРОТЕКТ ГЕЛ 50МЛ ЗОНАФАРМ,14.89,https://cdn2.aptekamedea.bg/media/catalog/product/cache/1/small_image/188x188/9df78eab33525d08d6e5fb8d27136e95/_/5/_50__46.jpg,3,HEALTH,VEINS-AND-HEMORRHOIDS,FALSE,14.89
"Абана, за сърдечно-съдовата система х 30 таблетки, Himalaya",2.59,https://cdn2.aptekamedea.bg/media/catalog/product/cache/1/small_image/188x188/9df78eab33525d08d6e5fb8d27136e95/p/r/product_54.jpg.png,1,HEALTH,VEINS-AND-HEMORRHOIDS,FALSE,2.59
"Апимед Хемопро Маз при хемороиди, 20гр.",9.09,https://cdn2.aptekamedea.bg/media/catalog/product/cache/1/small_image/188x188/9df78eab33525d08d6e5fb8d27136e95/h/e/hemopro_3d_box_3-languages_bgnew.jpg,3,HEALTH,VEINS-AND-HEMORRHOIDS,FALSE,9.09
"Аргинин, 500мг, 120 капсули, Doctor's Best",47.79,https://cdn2.aptekamedea.bg/media/catalog/product/cache/1/small_image/188x188/9df78eab33525d08d6e5fb8d27136e95/_/5/_500_120_-_2.jpg,1,HEALTH,VEINS-AND-HEMORRHOIDS,FALSE,47.79
"Арджуна повлиява благоприятно сърдечната дейност, 60 капсули, Himalaya",8.79,https://cdn2.aptekamedea.bg/media/catalog/product/cache/1/small_image/188x188/9df78eab33525d08d6e5fb8d27136e95/a/r/arjuna.jpg,4,HEALTH,VEINS-AND-HEMORRHOIDS,FALSE,8.79
"Берберин, за кръвна захар, подпомага сърдечно-съдовата система, 500мг, 60 капсули, Natural Factors",44.99,https://cdn2.aptekamedea.bg/media/catalog/product/cache/1/small_image/188x188/9df78eab33525d08d6e5fb8d27136e95/3/5/3544__cehr-1.png,5,HEALTH,VEINS-AND-HEMORRHOIDS,FALSE,44.99
"Валидол за успокоение, 60мг, 20 таблетки, Фармак",2.19,https://cdn2.aptekamedea.bg/media/catalog/product/cache/1/small_image/188x188/9df78eab33525d08d6e5fb8d27136e95/8/9/89406e70b8b75f8360f005e7efe5d509_1.jpg,4,HEALTH,VEINS-AND-HEMORRHOIDS,FALSE,2.19
"Вариксинал Гел при тежест в краката, оток, болка, разширени вени, 75мл, Walmark",14.29,https://cdn2.aptekamedea.bg/media/catalog/product/cache/1/small_image/188x188/9df78eab33525d08d6e5fb8d27136e95/f/i/file_18_47.jpg,3,HEALTH,VEINS-AND-HEMORRHOIDS,FALSE,14.29
"Варистази Плюс Освежаващ гел за крака и тяло при разширени вени, отоци, 75мл, Abopharma",11.99,https://cdn2.aptekamedea.bg/media/catalog/product/cache/1/small_image/188x188/9df78eab33525d08d6e5fb8d27136e95/v/a/varistasi.png,3,HEALTH,VEINS-AND-HEMORRHOIDS,FALSE,11.99
"Вейн Съпорт (Best Vein Support), 60 капсули, Doctor's Best",47.99,https://cdn2.aptekamedea.bg/media/catalog/product/cache/1/small_image/188x188/9df78eab33525d08d6e5fb8d27136e95/r/e/res_9649ec1394ed89f0280749cc89468e59_full.jpg,2,HEALTH,VEINS-AND-HEMORRHOIDS,FALSE,47.99
"Веносмил при умора, болка, тежест в краката, разширени вени, 200мг, 60 капсули",23.99,https://cdn2.aptekamedea.bg/media/catalog/product/cache/1/small_image/188x188/9df78eab33525d08d6e5fb8d27136e95/4/9/4921740bda299a658c73b8a76cb9578a_1.jpg,2,HEALTH,VEINS-AND-HEMORRHOIDS,FALSE,23.99
"Виталег Гел при умора и тежест в краката, с див кестен, хепарин, Д-пантенол, 80гр., Aflopharm",15.79,https://cdn2.aptekamedea.bg/media/catalog/product/cache/1/small_image/188x188/9df78eab33525d08d6e5fb8d27136e95/v/i/vitaleg-gel-80g_1_.jpg,5,HEALTH,VEINS-AND-HEMORRHOIDS,FALSE,15.79
"Виталег, за правилно функциониране на кръвоносни съдове и мускули, 60 таблетки, Aflopharm",19.39,https://cdn2.aptekamedea.bg/media/catalog/product/cache/1/small_image/188x188/9df78eab33525d08d6e5fb8d27136e95/v/i/vitaleg-60-tabletki.jpg,3,HEALTH,VEINS-AND-HEMORRHOIDS,FALSE,19.39
"Витамин B-12, 1000мкг, 60 таблетки, Natural Factors",12.29,https://cdn2.aptekamedea.bg/media/catalog/product/cache/1/small_image/188x188/9df78eab33525d08d6e5fb8d27136e95/b/-/b-12-1000-60.jpg,1,HEALTH,VEINS-AND-HEMORRHOIDS,FALSE,12.29
"Витамин B-12, 1000мкг, 90 сублингвални таблетки, Natural Factors",21.89,https://cdn2.aptekamedea.bg/media/catalog/product/cache/1/small_image/188x188/9df78eab33525d08d6e5fb8d27136e95/_/-/_-12_1000_90_.png,1,HEALTH,VEINS-AND-HEMORRHOIDS,FALSE,21.89
"Витамин B-12, 1000мкг, 90 таблетки, Natural Factors",15.99,https://cdn2.aptekamedea.bg/media/catalog/product/cache/1/small_image/188x188/9df78eab33525d08d6e5fb8d27136e95/_/-/_-12_1000_60__1.jpg,2,HEALTH,VEINS-AND-HEMORRHOIDS,FALSE,15.99
"Витамин Б-12, Хранителна добавка, стимулира нервната система, 2000мкг, 100 дражета, Now Foods",32.99,https://cdn2.aptekamedea.bg/media/catalog/product/cache/1/small_image/188x188/9df78eab33525d08d6e5fb8d27136e95/7/2/720-5_2.jpeg,5,HEALTH,VEINS-AND-HEMORRHOIDS,FALSE,32.99
"Витамин Б12 1000мг х 60 таблетки, Doctor's Best",23.99,https://cdn2.aptekamedea.bg/media/catalog/product/cache/1/small_image/188x188/9df78eab33525d08d6e5fb8d27136e95/q/u/quickmelt-fully-active-b12.jpg,1,HEALTH,VEINS-AND-HEMORRHOIDS,FALSE,23.99
"Витамин В12 1000мкг х 180 + 30 таблетки ПОДАРЪК, Natural Factors",39.99,https://cdn2.aptekamedea.bg/media/catalog/product/cache/1/small_image/188x188/9df78eab33525d08d6e5fb8d27136e95/8/7/8700__cehr.png,4,HEALTH,VEINS-AND-HEMORRHOIDS,FALSE,39.99
"Витамин В12 5000мкг х 60 таблетки, Natural Factors",44.99,https://cdn2.aptekamedea.bg/media/catalog/product/cache/1/small_image/188x188/9df78eab33525d08d6e5fb8d27136e95/f/i/file_47_2.png,4,HEALTH,VEINS-AND-HEMORRHOIDS,FALSE,44.99
"Габа (Gaba), Хранителна добавка, с витамин B6, 500мг, 100 капсули, Now Foods",35.99,https://cdn2.aptekamedea.bg/media/catalog/product/cache/1/small_image/188x188/9df78eab33525d08d6e5fb8d27136e95/g/a/gaba-500-mg-b6-100-kapsuli-378-800x800.jpg,2,HEALTH,VEINS-AND-HEMORRHOIDS,FALSE,35.99
"Novo-Nail Emtrix - за лечение на нокти, засегнати от гъбична инфекция 10мл.",34.29,https://cdn2.aptekamedea.bg/media/catalog/product/cache/1/small_image/188x188/9df78eab33525d08d6e5fb8d27136e95/i/m/imgonline-com-ua-compressed-qjybz1xo1hdvt.jpg,5,HEALTH,FUNGUS,FALSE,34.29
"Дактарин Гел Лекува и предотвратява гъбични инфекции в устата и гърлото, 2%, Johnson & Johnson",13.49,https://cdn2.aptekamedea.bg/media/catalog/product/cache/1/small_image/188x188/9df78eab33525d08d6e5fb8d27136e95/d/a/daktarin.jpg,5,HEALTH,FUNGUS,FALSE,13.49
"Екзодерил Крем за лечение на гъбични инфекции, 15гр., Sandoz",10.79,https://cdn2.aptekamedea.bg/media/catalog/product/cache/1/small_image/188x188/9df78eab33525d08d6e5fb8d27136e95/i/m/imgonline-com-ua-compressed-xj3lesihva.jpg,5,HEALTH,FUNGUS,FALSE,10.79
"Екзодерил Крем за лечение на гъбични инфекции, 30гр., Sandoz",15.99,https://cdn2.aptekamedea.bg/media/catalog/product/cache/1/small_image/188x188/9df78eab33525d08d6e5fb8d27136e95/i/m/imgonline-com-ua-compressed-2mxapafdeawhx.jpg,1,HEALTH,FUNGUS,FALSE,15.99
"Екзодерил Макси, 5% Лечебен Лак за нокти при гъбични инфекции, 2, 5мл, Sandoz",39.19,https://cdn2.aptekamedea.bg/media/catalog/product/cache/1/small_image/188x188/9df78eab33525d08d6e5fb8d27136e95/1/5/158193380960123.jpg,1,HEALTH,FUNGUS,FALSE,39.19
"Екзодерил Нейлнеър Лак 2 в 1, при гъбички по ноктите, 5мл, Sandoz",26.79,https://cdn2.aptekamedea.bg/media/catalog/product/cache/1/small_image/188x188/9df78eab33525d08d6e5fb8d27136e95/i/m/imgonline-com-ua-compressed-kbmeuyko3qdrvhtx.jpg,2,HEALTH,FUNGUS,FALSE,26.79
"Екзодерил сол, за лечение на гъбични инфекции, 10мл, Sandoz",11.59,https://cdn2.aptekamedea.bg/media/catalog/product/cache/1/small_image/188x188/9df78eab33525d08d6e5fb8d27136e95/i/m/imgonline-com-ua-compressed-ayty3yq3yk.jpg,2,HEALTH,FUNGUS,FALSE,11.59
"Екзодерил сол, за лечение на гъбични инфекции, 20мл, Sandoz",20.19,https://cdn2.aptekamedea.bg/media/catalog/product/cache/1/small_image/188x188/9df78eab33525d08d6e5fb8d27136e95/i/m/imgonline-com-ua-compressed-szurijgitmrvbcy.jpg,5,HEALTH,FUNGUS,FALSE,20.19
"Канеспор Крем при кожни проблеми, 1%, 15гр., Bayer",11.29,https://cdn2.aptekamedea.bg/media/catalog/product/cache/1/small_image/188x188/9df78eab33525d08d6e5fb8d27136e95/p/r/product_7303.jpg,2,HEALTH,FUNGUS,FALSE,11.29
"Канестен Крем за лечение на гъбични инфекции върху кожата, 1%, 20гр., Bayer",9.19,https://cdn2.aptekamedea.bg/media/catalog/product/cache/1/small_image/188x188/9df78eab33525d08d6e5fb8d27136e95/c/a/canesten_cream.jpg,5,HEALTH,FUNGUS,FALSE,9.19
"Ламизил Крем за лечение на кожни инфекции, причинени от гъбички (микози), 1%, 30гр.",19.89,https://cdn2.aptekamedea.bg/media/catalog/product/cache/1/small_image/188x188/9df78eab33525d08d6e5fb8d27136e95/_/1/_1_30__1.jpg,5,HEALTH,FUNGUS,FALSE,19.89
"Ламизил Крем при гъбични инфекции, 1%, 15гр.",15.29,https://cdn2.aptekamedea.bg/media/catalog/product/cache/1/small_image/188x188/9df78eab33525d08d6e5fb8d27136e95/7/3/7389d5b858cb3b334717bd4136de407f.jpg,1,HEALTH,FUNGUS,FALSE,15.29
"Ламизил Спрей за лечение на кожни инфекции, причинени от гъбички (микози), 1%, 15мл",16.59,https://cdn2.aptekamedea.bg/media/catalog/product/cache/1/small_image/188x188/9df78eab33525d08d6e5fb8d27136e95/_/1/_1_15_.jpg,5,HEALTH,FUNGUS,FALSE,16.59
"Ломексин Крем за лечение на инфекции на кожата, причинени от гъбички, 2%, 30гр., Фарма Суис",6.89,https://cdn2.aptekamedea.bg/media/catalog/product/cache/1/small_image/188x188/9df78eab33525d08d6e5fb8d27136e95/p/r/product_73369-removebg-preview.png,1,HEALTH,FUNGUS,FALSE,6.89
Микодефен - лечебен лак за нокти 8% х 6.6мл,26.09,https://cdn2.aptekamedea.bg/media/catalog/product/cache/1/small_image/188x188/9df78eab33525d08d6e5fb8d27136e95/i/m/imgonline-com-ua-convertyf8ganjbzchf_1.jpg,1,HEALTH,FUNGUS,FALSE,26.09
"Низорал Лечебен шампоан при различни кожни инфекции, 60мл",15.89,https://cdn2.aptekamedea.bg/media/catalog/product/cache/1/small_image/188x188/9df78eab33525d08d6e5fb8d27136e95/p/r/product_7700_1.jpg,3,HEALTH,FUNGUS,FALSE,15.89
"Полинейл Лечебен Лак за нокти, Противогъбично средство, 80мг/мл, 3, 3мл",35.99,https://cdn2.aptekamedea.bg/media/catalog/product/cache/1/small_image/188x188/9df78eab33525d08d6e5fb8d27136e95/0/7/07f94a1de8397a7d8fb2ed8856762a77.jpg,3,HEALTH,FUNGUS,FALSE,35.99
"Фунгитер 5% - лечебен лак за лечение на гъбични инфекции по ноктите 2, 5мл., Fortex",28.39,https://cdn2.aptekamedea.bg/media/catalog/product/cache/1/small_image/188x188/9df78eab33525d08d6e5fb8d27136e95/_/2/_2021-06-21_19.37.39.png,2,HEALTH,FUNGUS,FALSE,28.39
"Фунгофин Крем против гъбички, 1%, 15гр., Нобел",7.89,https://cdn2.aptekamedea.bg/media/catalog/product/cache/1/small_image/188x188/9df78eab33525d08d6e5fb8d27136e95/f/u/fungofin_clean.png,1,HEALTH,FUNGUS,FALSE,7.89
"ЦиКатридина Вагинални Овули, 10 бр., Naturpharma",22.09,https://cdn2.aptekamedea.bg/media/catalog/product/cache/1/small_image/188x188/9df78eab33525d08d6e5fb8d27136e95/p/r/product_2008.jpg,2,HEALTH,FUNGUS,FALSE,22.09
"Alpha Lipoic Acid (Алфа Липоева Киселина) 250мг. х 60 капсули, Now Foods",49.99,https://cdn2.aptekamedea.bg/media/catalog/product/cache/1/small_image/188x188/9df78eab33525d08d6e5fb8d27136e95/a/l/alpha_lipoic_acid_250mg_caps_60s_now_foods1.jpg,2,HEALTH,DIABETES,FALSE,49.99
"Alphabetic Канела с магнезий и биотин, Хранителни вещества при диабет, 400мг, 90 капсули",29.99,https://cdn2.aptekamedea.bg/media/catalog/product/cache/1/small_image/188x188/9df78eab33525d08d6e5fb8d27136e95/a/l/alfabetik-alphabetic-alfa-lipoeva-kiselina-kapsuli-200mg-x60-copy_image_5ae64e5ad5fd0__600x600.jpeg,4,HEALTH,DIABETES,FALSE,29.99
"DHEA - спомага за поддържане баланса на хормоните 25мг капсули х 120, Swanson",8.39,https://cdn2.aptekamedea.bg/media/catalog/product/cache/1/small_image/188x188/9df78eab33525d08d6e5fb8d27136e95/s/w/sw526_1.jpg,4,HEALTH,DIABETES,TRUE,6.39
"Doppelherz (Допелхерц) Витамини за диабетици, 30 таблетки",25.99,https://cdn2.aptekamedea.bg/media/catalog/product/cache/1/small_image/188x188/9df78eab33525d08d6e5fb8d27136e95/4/8/480-3.jpeg,3,HEALTH,DIABETES,TRUE,22.99
"Kelp (Келп), с йод, Подпомага нормалното функциониране на щитовидната жлеза, 150мкг, 200 таблетки",25.69,https://cdn2.aptekamedea.bg/media/catalog/product/cache/1/small_image/188x188/9df78eab33525d08d6e5fb8d27136e95/7/2/720_11.jpeg,3,HEALTH,DIABETES,FALSE,25.69
"Thyrohelp (Тирохелп) Хранителна добавка, 30 капсули, Naturpharma",30.99,https://cdn2.aptekamedea.bg/media/catalog/product/cache/1/small_image/188x188/9df78eab33525d08d6e5fb8d27136e95/t/h/thyrohelp-tirohelp-shtitovidna-zhleza-hipotireoidizam-560x560.jpg,5,HEALTH,DIABETES,FALSE,30.99
"Алфа Липоева Киселина 100мг. х 60 капсули, Now Foods",56.29,https://cdn2.aptekamedea.bg/media/catalog/product/cache/1/small_image/188x188/9df78eab33525d08d6e5fb8d27136e95/_/-/_-_100_60_.png,2,HEALTH,DIABETES,FALSE,56.29
"Алфа липоева киселина R-форма, Хранителна добавка, 100мг, 60 капсули, Doctor's best",23.69,https://cdn2.aptekamedea.bg/media/catalog/product/cache/1/small_image/188x188/9df78eab33525d08d6e5fb8d27136e95/r/-/r-lipoeva-kiselina.jpg,1,HEALTH,DIABETES,FALSE,23.69
"Алфа Липоева киселина, 200мг, 60 капсули, Alphabetic",27.69,https://cdn2.aptekamedea.bg/media/catalog/product/cache/1/small_image/188x188/9df78eab33525d08d6e5fb8d27136e95/_/2/_200_60_.jpg,5,HEALTH,DIABETES,FALSE,27.69
"Алфа Липоева киселина, Хранителна добавка, 150мг, 120 капсули, Doctor's best",63.99,https://cdn2.aptekamedea.bg/media/catalog/product/cache/1/small_image/188x188/9df78eab33525d08d6e5fb8d27136e95/a/l/alfa-lipoeva-kiselina_1.jpg,3,HEALTH,DIABETES,FALSE,63.99
"Алфа Липоева киселина, Хранителна добавка, 200мг, 50 капсули, Solgar",36.69,https://cdn2.aptekamedea.bg/media/catalog/product/cache/1/small_image/188x188/9df78eab33525d08d6e5fb8d27136e95/s/o/solgar-e58_alphalipoic_acid_200mg_50.jpg,3,HEALTH,DIABETES,FALSE,36.69
"Алфа Липоева киселина, Хранителна добавка, 600мг, 60 капсули, Doctor's best",12.39,https://cdn2.aptekamedea.bg/media/catalog/product/cache/1/small_image/188x188/9df78eab33525d08d6e5fb8d27136e95/i/m/imgonline-com-ua-compressed-gq5x1qtfmlw.jpg,4,HEALTH,DIABETES,FALSE,12.39
"Диабекан 200мг., благоприятно повлиява нивата на кръвната захар х 30 капсули, Fortex",24.69,https://cdn2.aptekamedea.bg/media/catalog/product/cache/1/small_image/188x188/9df78eab33525d08d6e5fb8d27136e95/f/o/fortex_diabekan_kaps_3d_bg.png,2,HEALTH,DIABETES,FALSE,24.69
"Диабекан за нормални нива на кръвната захар, 200мг 60+20 таблетки ПРОМО, Fortex",3.09,https://cdn2.aptekamedea.bg/media/catalog/product/cache/1/small_image/188x188/9df78eab33525d08d6e5fb8d27136e95/f/o/fortex_diabekan_promo_kaps_3d_bg_new.png,3,HEALTH,DIABETES,FALSE,3.09
"Диабекон, 30 таблетки, Himalaya",12.79,https://cdn2.aptekamedea.bg/media/catalog/product/cache/1/small_image/188x188/9df78eab33525d08d6e5fb8d27136e95/9/4/9410faa285d7d26aa80728912d3a693c.jpg,2,HEALTH,DIABETES,FALSE,12.79
"Диабето Стронг Подкрепя нормалните нива на кръвната захар, 30 таблетки",16.89,https://cdn2.aptekamedea.bg/media/catalog/product/cache/1/small_image/188x188/9df78eab33525d08d6e5fb8d27136e95/7/3/739323678c3b213fb48408196e2d0b9f.jpg,3,HEALTH,DIABETES,FALSE,16.89
"ДиабеФор Глюко допринася за поддържането на нормална концентрация на глюкоза в кръвта, 60 таблетки",12.29,https://cdn2.aptekamedea.bg/media/catalog/product/cache/1/small_image/188x188/9df78eab33525d08d6e5fb8d27136e95/_/6/_60__1.png,5,HEALTH,DIABETES,FALSE,12.29
"Диаврон за диабетици, Тиоктова киселина, с магнезий, B1, B2, B3, B6, 30 таблетки, Fortex",10.09,https://cdn2.aptekamedea.bg/media/catalog/product/cache/1/small_image/188x188/9df78eab33525d08d6e5fb8d27136e95/f/o/fortex_diavron_600_bg_30_tabl_kutiia_70_90_29_mm_3d_bg.png,2,HEALTH,DIABETES,FALSE,10.09
"Диасан Макс Канела, хром, цинк за кръвната захар, 30 капсули, Vitagold",18.19,https://cdn2.aptekamedea.bg/media/catalog/product/cache/1/small_image/188x188/9df78eab33525d08d6e5fb8d27136e95/_/3/_30__5.png,3,HEALTH,DIABETES,FALSE,18.19
"Есенциале Енерджи разгражда на мазнините в черния дроб капсули x 20, Sanofi",3.59,https://cdn2.aptekamedea.bg/media/catalog/product/cache/1/small_image/188x188/9df78eab33525d08d6e5fb8d27136e95/i/m/imgonline-com-ua-convertyuvfyw1sc9gv.jpg,1,HEALTH,DIABETES,FALSE,3.59
"Захарин Суитли Подсладител, подходящ за диабетици, 1200 таблетки",1.99,https://cdn2.aptekamedea.bg/media/catalog/product/cache/1/small_image/188x188/9df78eab33525d08d6e5fb8d27136e95/i/m/imgonline-com-ua-compressed-ue530nlrddf.jpg,1,HEALTH,DIABETES,FALSE,1.99
"Захарин Суитли Подсладител, подходящ за диабетици, 300 таблетки",2.89,https://cdn2.aptekamedea.bg/media/catalog/product/cache/1/small_image/188x188/9df78eab33525d08d6e5fb8d27136e95/i/m/imgonline-com-ua-compressed-obqgkrhnti.jpg,2,HEALTH,DIABETES,FALSE,2.89
"Захарин Суитли Подсладител, подходящ за диабетици, 700 таблетки",20.49,https://cdn2.aptekamedea.bg/media/catalog/product/cache/1/small_image/188x188/9df78eab33525d08d6e5fb8d27136e95/i/m/imgonline-com-ua-compressed-w81za4ieqalxz6sr.jpg,2,HEALTH,DIABETES,FALSE,20.49
"Канела, Антиоксидант, помага на нормалния метаболизъм на захарта, 1000мг, 80 таблетки, Natrol",16.79,https://cdn2.aptekamedea.bg/media/catalog/product/cache/1/small_image/188x188/9df78eab33525d08d6e5fb8d27136e95/_/1/_1000_80_.jpg,2,HEALTH,DIABETES,FALSE,16.79
"Келп Подпомага функцията на щитовидната жлеза, 600мг, 100 капсули, Nature's way",18.29,https://cdn2.aptekamedea.bg/media/catalog/product/cache/1/small_image/188x188/9df78eab33525d08d6e5fb8d27136e95/k/e/kelp-kafyavi-vodorasli-660-mg-100-kapsuli.jpg.png,2,HEALTH,DIABETES,FALSE,18.29
"Сминдух (семена) 610мг. х 100 капсули, Nature's Way",11.49,https://cdn2.aptekamedea.bg/media/catalog/product/cache/1/small_image/188x188/9df78eab33525d08d6e5fb8d27136e95/4/8/480_1_6.jpeg,5,HEALTH,DIABETES,FALSE,11.49
СТЕВИЯ ЛУКС 120МЛ ЦВЕТЕЛИНА,10.99,https://cdn2.aptekamedea.bg/media/catalog/product/cache/1/small_image/188x188/9df78eab33525d08d6e5fb8d27136e95/placeholder/default/small_image.jpg,3,HEALTH,DIABETES,FALSE,10.99
СТЕВИЯ ЛУКС С ФИБРИ ТБ Х 300,5.19,https://cdn2.aptekamedea.bg/media/catalog/product/cache/1/small_image/188x188/9df78eab33525d08d6e5fb8d27136e95/placeholder/default/small_image.jpg,2,HEALTH,DIABETES,FALSE,5.19
"Стевия Лукс, Натурална сладост, с фибри, 60 таблетки, Цветелина",4.59,https://cdn2.aptekamedea.bg/media/catalog/product/cache/1/small_image/188x188/9df78eab33525d08d6e5fb8d27136e95/6/5/65442596-bc94-d22e-3b7a-32df87f116d5.jpg,4,HEALTH,DIABETES,FALSE,4.59
"Стевия Суитли, Трапезен подсладител с с екстракт от стевия и инулин, 200 таблетки",84.99,https://cdn2.aptekamedea.bg/media/catalog/product/cache/1/small_image/188x188/9df78eab33525d08d6e5fb8d27136e95/i/m/imgonline-com-ua-compressed-3uxbift2xs.jpg,2,HEALTH,DIABETES,FALSE,84.99
"Acetyl L-Carnitine (Ацетил Л-Карнитин) 500мг. x 100 капсули, Now Foods",8.99,https://cdn2.aptekamedea.bg/media/catalog/product/cache/1/small_image/188x188/9df78eab33525d08d6e5fb8d27136e95/n/o/now-acetyll-carnitine500-100-800x8001.jpg,5,HEALTH,DIET,FALSE,8.99
ENZYMATIC 7-КЕТО ДХЕА МЕТАБОЛИТ КАПС 25МГ Х 60,22.29,https://cdn2.aptekamedea.bg/media/catalog/product/cache/1/small_image/188x188/9df78eab33525d08d6e5fb8d27136e95/7/2/720_12_2.jpeg,4,HEALTH,DIET,FALSE,22.29
HERBA MEDICA ЗАРСЕНА X 100,61.99,https://cdn2.aptekamedea.bg/media/catalog/product/cache/1/small_image/188x188/9df78eab33525d08d6e5fb8d27136e95/9/2/92738d8991757ff8d36cc8542f2d98da.png,5,HEALTH,DIET,FALSE,61.99
HERBA MEDICA ЛИКУИД ФОР ФИТ СОЛ.250МЛ,62.99,https://cdn2.aptekamedea.bg/media/catalog/product/cache/1/small_image/188x188/9df78eab33525d08d6e5fb8d27136e95/c/_/c_likuid-for-fit-sol250ml-11654.jpg,3,HEALTH,DIET,FALSE,62.99
"L-Carnitine (Л-Карнитин) течен цитрус 1000мг. х 473мл., Now Foods",17.79,https://cdn2.aptekamedea.bg/media/catalog/product/cache/1/small_image/188x188/9df78eab33525d08d6e5fb8d27136e95/1/0/10969_liquid-lcarnitine-1000-mg-16-oz-by-now.jpg,2,HEALTH,DIET,FALSE,17.79
"Ultimate Bone Support за заздравяване и поддържане на кости х 120 таблетки, Solgar",47.39,https://cdn2.aptekamedea.bg/media/catalog/product/cache/1/small_image/188x188/9df78eab33525d08d6e5fb8d27136e95/_/2/_2020-04-12_10.48.39.png,4,HEALTH,DIET,FALSE,47.39
"Water Pills - средство за обезводняване, таблетки х 120, Swanson",9.09,https://cdn2.aptekamedea.bg/media/catalog/product/cache/1/small_image/188x188/9df78eab33525d08d6e5fb8d27136e95/s/w/swd013.jpg,3,HEALTH,DIET,TRUE,8.29
"Ацетил Л-Карнитин за изгаряне на мазнини, подобрява настроението, 500мг, 60 капсули, Doctor's Best",32.79,https://cdn2.aptekamedea.bg/media/catalog/product/cache/1/small_image/188x188/9df78eab33525d08d6e5fb8d27136e95/i/m/imgonline-com-ua-compressed-gwyki7pnkln.jpg,1,HEALTH,DIET,FALSE,32.79
"Аюрслим за намаляване на тегло х 60 капсули, Himalaya",12.59,https://cdn2.aptekamedea.bg/media/catalog/product/cache/1/small_image/188x188/9df78eab33525d08d6e5fb8d27136e95/p/r/product_79.jpg.png,5,HEALTH,DIET,FALSE,12.59
"Гарсиния Камбоджа за контрол на теглото, 750мг, 90 таблетки, Natural Factors",32.99,https://cdn2.aptekamedea.bg/media/catalog/product/cache/1/small_image/188x188/9df78eab33525d08d6e5fb8d27136e95/c/_/c_garsiniya-kambodzha-kaps500mgh60-14253.jpg,3,HEALTH,DIET,FALSE,32.99
"Екстракт от Гарциния Камбоджа 5:1 80мг. - средство за отслабване, таблетки х 60, Swanson",15.69,https://cdn2.aptekamedea.bg/media/catalog/product/cache/1/small_image/188x188/9df78eab33525d08d6e5fb8d27136e95/s/w/sw1578.jpg,5,HEALTH,DIET,TRUE,13.69
"Зелен чай 400мг. х 100 капсули, Now Foods",16.39,https://cdn2.aptekamedea.bg/media/catalog/product/cache/1/small_image/188x188/9df78eab33525d08d6e5fb8d27136e95/7/2/720-3_3.jpeg,1,HEALTH,DIET,FALSE,16.39
"Калорекс КЛА за намаляване на телесното тегло, 30 течни капсули, Borola",66.49,https://cdn2.aptekamedea.bg/media/catalog/product/cache/1/small_image/188x188/9df78eab33525d08d6e5fb8d27136e95/3/4/3439a79b8b0ba244d770292f1b98359d.jpg,2,HEALTH,DIET,FALSE,66.49
"Калорекс Топи мазнините на корема и талията, 30 капсули, Borola",13.69,https://cdn2.aptekamedea.bg/media/catalog/product/cache/1/small_image/188x188/9df78eab33525d08d6e5fb8d27136e95/k/a/kaloreks-30-borola.png,3,HEALTH,DIET,FALSE,13.69
"Л-Карнитин 500мг х 30 капсули, Solgar",34.99,https://cdn2.aptekamedea.bg/media/catalog/product/cache/1/small_image/188x188/9df78eab33525d08d6e5fb8d27136e95/i/m/imgonline-com-ua-compressed-knvzvzyf4pais.jpg,1,HEALTH,DIET,FALSE,34.99
"Л-Карнитин за постигане на нормално телесно тегло, 500мг, 30 капсули, Abopharma",16.49,https://cdn2.aptekamedea.bg/media/catalog/product/cache/1/small_image/188x188/9df78eab33525d08d6e5fb8d27136e95/l/-/l-carnitine.png,3,HEALTH,DIET,FALSE,16.49
"Л-Карнитин, 500мг, 30 капсули, Now Foods",16.49,https://cdn2.aptekamedea.bg/media/catalog/product/cache/1/small_image/188x188/9df78eab33525d08d6e5fb8d27136e95/4/1/415_1.jpg,5,HEALTH,DIET,FALSE,16.49
"Лайн за здравословно тегло, без лактоза и глутен, 30 капсули, VITASLIM INNOVE",55.19,https://cdn2.aptekamedea.bg/media/catalog/product/cache/1/small_image/188x188/9df78eab33525d08d6e5fb8d27136e95/l/i/line_new.png,1,HEALTH,DIET,FALSE,55.19
"Лайт потиска апетита, изгаря мазнините, без лактоза и глутен, 30 капсули, VITASLIM INNOVE",15.39,https://cdn2.aptekamedea.bg/media/catalog/product/cache/1/small_image/188x188/9df78eab33525d08d6e5fb8d27136e95/l/i/light_new.png,4,HEALTH,DIET,FALSE,15.39
"Либрамед за лечение на наднормено тегло и затлъстяване, 138 таблетки, Aboca",98.89,https://cdn2.aptekamedea.bg/media/catalog/product/cache/1/small_image/188x188/9df78eab33525d08d6e5fb8d27136e95/_/1/_138__1.png,3,HEALTH,DIET,FALSE,98.89
"Малинови Кетони - намалява апетита и регулира телесното тегло 100мг., капсули х 60, Swanson",61.99,https://cdn2.aptekamedea.bg/media/catalog/product/cache/1/small_image/188x188/9df78eab33525d08d6e5fb8d27136e95/s/w/swd068.jpg,5,HEALTH,DIET,TRUE,55.99
"Регулатпро Метаболик, 350мл",17.39,https://cdn2.aptekamedea.bg/media/catalog/product/cache/1/small_image/188x188/9df78eab33525d08d6e5fb8d27136e95/r/e/regulatpro-metabolic-690-ml.jpg,5,HEALTH,DIET,FALSE,17.39
"Ресвератрол, 325мг, 60 капсули, Nature's way",21.49,https://cdn2.aptekamedea.bg/media/catalog/product/cache/1/small_image/188x188/9df78eab33525d08d6e5fb8d27136e95/7/2/720-3_2_2.jpeg,3,HEALTH,DIET,FALSE,21.49
"Хидролес елиминира излишните течности от организма, 30 капсули, Натурпродукт",14.29,https://cdn2.aptekamedea.bg/media/catalog/product/cache/1/small_image/188x188/9df78eab33525d08d6e5fb8d27136e95/_/-/_-_-_-30-__2.jpg,4,HEALTH,DIET,FALSE,14.29
"Хидролес Слим Подпомага програмите за отслабване, 60 капсули, Натурпродукт",17.29,https://cdn2.aptekamedea.bg/media/catalog/product/cache/1/small_image/188x188/9df78eab33525d08d6e5fb8d27136e95/h/y/hydroless-slim.jpg,1,HEALTH,DIET,FALSE,17.29
"Хитозан Зелено Кафе, капанът за мазнини х 60 капсули, Fortex",29.29,https://cdn2.aptekamedea.bg/media/catalog/product/cache/1/small_image/188x188/9df78eab33525d08d6e5fb8d27136e95/f/o/fortex_chitosan_zeleno_kafe_bg_60_kaps_3d_bg300x300.png,1,HEALTH,DIET,FALSE,29.29
"Хитозан Плюс за изгаряне на мазнини, с хитозан, L-карнитин, хром, 60 капсули+30, Fortex",21.49,https://cdn2.aptekamedea.bg/media/catalog/product/cache/1/small_image/188x188/9df78eab33525d08d6e5fb8d27136e95/f/o/fortex_chitosan_plus_60_30_kaps_promo_kutiia_3d_bg.png,5,HEALTH,DIET,FALSE,21.49
"Ябълков пектин, 500мг, 90 капсули, Natural Factors",9.09,https://cdn2.aptekamedea.bg/media/catalog/product/cache/1/small_image/188x188/9df78eab33525d08d6e5fb8d27136e95/_/5/_500_x_90_default_.png,4,HEALTH,DIET,FALSE,9.09
"Doppelherz Актив Детокс Комплекс, 40 капсули",7.39,https://cdn2.aptekamedea.bg/media/catalog/product/cache/1/small_image/188x188/9df78eab33525d08d6e5fb8d27136e95/d/e/detox.jpg,3,HEALTH,DETOX,TRUE,6.50
"Doppelherz Хепабаланс за добро храносмилане, подкрепя дейността на черния дроб, 30 капсули",66.99,https://cdn2.aptekamedea.bg/media/catalog/product/cache/1/small_image/188x188/9df78eab33525d08d6e5fb8d27136e95/d/h/dh_hepabalance_left_700x980px_1.5x.jpeg,3,HEALTH,DETOX,TRUE,55.99
"Liver Detoxifier & Regenerator (Ливър Детоксифиер) х 90 капсули, Now Foods",24.39,https://cdn2.aptekamedea.bg/media/catalog/product/cache/1/small_image/188x188/9df78eab33525d08d6e5fb8d27136e95/4/4/441_1.jpg,2,HEALTH,DETOX,FALSE,24.39
"Nac Detox Regulators поддържа нормалното производство на глутатион х 60 капсули, Doctor's Best",8.79,https://cdn2.aptekamedea.bg/media/catalog/product/cache/1/small_image/188x188/9df78eab33525d08d6e5fb8d27136e95/d/e/detox-regulator-nak.jpg,2,HEALTH,DETOX,FALSE,8.79
"Амла C Хранителна добавка, 60 капсули, Himalaya",2.59,https://cdn2.aptekamedea.bg/media/catalog/product/cache/1/small_image/188x188/9df78eab33525d08d6e5fb8d27136e95/a/m/amla_c-600x750.jpg,4,HEALTH,DETOX,FALSE,2.59
"Детокс Активен въглен, за нормално храносмилане, облекчава подуване и газове, 260мг, 20 капсули",20.99,https://cdn2.aptekamedea.bg/media/catalog/product/cache/1/small_image/188x188/9df78eab33525d08d6e5fb8d27136e95/d/e/detox3d1-300x259.jpg,5,HEALTH,DETOX,FALSE,20.99
"Детоксифайв подпомага обменните и отделителни процеси в организма, 60 таблетки, Botanic",32.19,https://cdn2.aptekamedea.bg/media/catalog/product/cache/1/small_image/188x188/9df78eab33525d08d6e5fb8d27136e95/_/6/_60__5.png,5,HEALTH,DETOX,FALSE,32.19
"Кудзу Традиционна китайска билка, 613мг, 50 капсули, Nature's way",3.59,https://cdn2.aptekamedea.bg/media/catalog/product/cache/1/small_image/188x188/9df78eab33525d08d6e5fb8d27136e95/k/u/kudzu-50-veg-caps-14550.png,4,HEALTH,DETOX,FALSE,3.59
"Лив.52 (Liv.52), Хранителна добавка, 60 таблетки, Himalaya",21.59,https://cdn2.aptekamedea.bg/media/catalog/product/cache/1/small_image/188x188/9df78eab33525d08d6e5fb8d27136e95/7/9/790fad51335baabcde9b50983409dd14.jpg,3,HEALTH,DETOX,FALSE,21.59
"Ливурон Форте за здравето на черния дроб, 24 капсули, Naturpharma",19.39,https://cdn2.aptekamedea.bg/media/catalog/product/cache/1/small_image/188x188/9df78eab33525d08d6e5fb8d27136e95/b/g/bg-livuron-forte-560x560.jpg,2,HEALTH,DETOX,FALSE,19.39
"Ливурон Хепа за нормално функциониране на черния дроб, 24 капсули, Naturpharma",2.49,https://cdn2.aptekamedea.bg/media/catalog/product/cache/1/small_image/188x188/9df78eab33525d08d6e5fb8d27136e95/1/5/151679505328225.jpg,2,HEALTH,DETOX,FALSE,2.49
"Махмурлек при махмурлук, 4 капсули, Borola",24.99,https://cdn2.aptekamedea.bg/media/catalog/product/cache/1/small_image/188x188/9df78eab33525d08d6e5fb8d27136e95/b/5/b521a43fd49d68941c9c562def771fe5-removebg-preview.png,4,HEALTH,DETOX,FALSE,24.99
"Млечен бодил за здрав черен дроб, 250мг, 90 капсули, Natural Factors",20.99,https://cdn2.aptekamedea.bg/media/catalog/product/cache/1/small_image/188x188/9df78eab33525d08d6e5fb8d27136e95/4/1/4181_nf_cehr.png,5,HEALTH,DETOX,FALSE,20.99
"Никорет Айсминт Дъвки за отказване на пушенето, 4мг, 30 бр., Johnson & Johnson",32.09,https://cdn2.aptekamedea.bg/media/catalog/product/cache/1/small_image/188x188/9df78eab33525d08d6e5fb8d27136e95/n/i/nicorette_4_.jpg,2,HEALTH,DETOX,FALSE,32.09
"Никорет за отказване на цигари, 15мг/16ч, 7 трансдермални пластири, Johnson & Johnson",32.09,https://cdn2.aptekamedea.bg/media/catalog/product/cache/1/small_image/188x188/9df78eab33525d08d6e5fb8d27136e95/n/i/nicorette_clear_15_mg_.png,3,HEALTH,DETOX,FALSE,32.09
"Никорет за отказване на цигари, 25мг/16ч, 7 трансдермални пластири, Johnson & Johnson",28.99,https://cdn2.aptekamedea.bg/media/catalog/product/cache/1/small_image/188x188/9df78eab33525d08d6e5fb8d27136e95/n/i/nicorette_clear_25_mg__-removebg-preview.png,4,HEALTH,DETOX,FALSE,28.99
"Никорет Фрешминт спрей за устна лигавица за отказ от пушене, 1мг, 13, 2мл, Johnson & Johnson",21.89,https://cdn2.aptekamedea.bg/media/catalog/product/cache/1/small_image/188x188/9df78eab33525d08d6e5fb8d27136e95/n/i/nicorette-freshmint-sprey.jpg,2,HEALTH,DETOX,FALSE,21.89
"Оптихепан Слим, за черен дроб, при оксидативен стрес, нормално телесно тегло, 30 капсули",19.49,https://cdn2.aptekamedea.bg/media/catalog/product/cache/1/small_image/188x188/9df78eab33525d08d6e5fb8d27136e95/o/p/optihepan-slim-10-1.jpg,4,HEALTH,DETOX,FALSE,19.49
"Оптихепан+холин за нормална функция на черния дроб, с бял трън, 30 капсули, Натурпродукт",11.49,https://cdn2.aptekamedea.bg/media/catalog/product/cache/1/small_image/188x188/9df78eab33525d08d6e5fb8d27136e95/_/_/___2_-1_1.png,2,HEALTH,DETOX,FALSE,11.49
"Регенил за черен дроб и жлъчка, с артишок и бял трън, 30 капсули, Fortex",14.29,https://cdn2.aptekamedea.bg/media/catalog/product/cache/1/small_image/188x188/9df78eab33525d08d6e5fb8d27136e95/f/o/fortex_regenil_kaps_3d_bg300x300_1.png,4,HEALTH,DETOX,FALSE,14.29
"Регенил Хепа Форте за черен дроб, с есенц. фосфолипиди, артишок, бял трън, В12, 30 капсули, Fortex",14.49,https://cdn2.aptekamedea.bg/media/catalog/product/cache/1/small_image/188x188/9df78eab33525d08d6e5fb8d27136e95/f/o/fortex_regenil_hepa_forte_bg_30_kaps_kutiia_3d_bg300x300.png,5,HEALTH,DETOX,FALSE,14.49
"Санохепатик за балансирани чернодробни и жлъчни функции и храносмилане, 30 капсули, Натурпродукт",20.69,https://cdn2.aptekamedea.bg/media/catalog/product/cache/1/small_image/188x188/9df78eab33525d08d6e5fb8d27136e95/_/_/___2_-1.png,5,HEALTH,DETOX,FALSE,20.69
"Силимарин Макс Бял трън, 7000мг, 30 таблетки, Walmark",14.59,https://cdn2.aptekamedea.bg/media/catalog/product/cache/1/small_image/188x188/9df78eab33525d08d6e5fb8d27136e95/4/_/4_1_3.jpg,2,HEALTH,DETOX,FALSE,14.59
"Хепаконтрол Слим - поддържа нормална функция на черния дроб и тегло, 30 таблетки, Aflofarm",21.39,https://cdn2.aptekamedea.bg/media/catalog/product/cache/1/small_image/188x188/9df78eab33525d08d6e5fb8d27136e95/h/e/hepacontrol-slim_box_bg_prawy.png,1,HEALTH,DETOX,FALSE,21.39
"Хепасейв S Плюс, Хранителна добавка за черен дроб и жлъчка, Х 30 таблетки, Ecopharm",30.29,https://cdn2.aptekamedea.bg/media/catalog/product/cache/1/small_image/188x188/9df78eab33525d08d6e5fb8d27136e95/_/-/_-s-_-_-_-30-_.jpg,5,HEALTH,DETOX,FALSE,30.29
"Хепасейф за черен дроб и жлъчка, с екстракт от Picrorhiza kurroa, 60 капсули, Ecopharm",11.59,https://cdn2.aptekamedea.bg/media/catalog/product/cache/1/small_image/188x188/9df78eab33525d08d6e5fb8d27136e95/i/m/imgonline-com-ua-compressed-chvznaascwgzvc.jpg,5,HEALTH,DETOX,FALSE,11.59
"Хепатостим, подкрепя нормалната функция на черния дроб и жлъчката Х 120 таблетки, Тошков",29.19,https://cdn2.aptekamedea.bg/media/catalog/product/cache/1/small_image/188x188/9df78eab33525d08d6e5fb8d27136e95/d/8/d8c646b1384b40378074727abfabff70-hepatostim.jpg.353x353_q85_crop.jpg,2,HEALTH,DETOX,FALSE,29.19
"Хепатофелин за черен дроб и пречистване на органзима от токсини, със силимарин, 60 капсули, Vita Herb",17.39,https://cdn2.aptekamedea.bg/media/catalog/product/cache/1/small_image/188x188/9df78eab33525d08d6e5fb8d27136e95/h/e/hepatofelin-kapsuli-60-broq-vitaherb.jpg,3,HEALTH,DETOX,FALSE,17.39
"Хепатофелин за черен дроб и пречистване на организма от токсини, със силимарин, 30 капсули, Vita Herb",11.09,https://cdn2.aptekamedea.bg/media/catalog/product/cache/1/small_image/188x188/9df78eab33525d08d6e5fb8d27136e95/h/e/hepatofelin-box_1.png,3,HEALTH,DETOX,FALSE,11.09
"Хранителна добавка Невен+М, действа благоприятно върху стомашно-чревния тракт, 50 капули, Ramcopharm",17.39,https://cdn2.aptekamedea.bg/media/catalog/product/cache/1/small_image/188x188/9df78eab33525d08d6e5fb8d27136e95/n/e/neven-m_1.jpg,1,HEALTH,DETOX,FALSE,17.39
"Allegra (Алегра) Таблетки при сенна хрема, 120мг, 10 филмирани таблетки, Sanofi",10.19,https://cdn2.aptekamedea.bg/media/catalog/product/cache/1/small_image/376x376/9df78eab33525d08d6e5fb8d27136e95/_/2/_2020-04-16_14.45.06.png,4,HEALTH,ALERGY,FALSE,10.19
"Allergodil (Алергодил) Спрей за нос при алергия, 0, 14мг/доза, Меда Фарма",13.29,https://cdn2.aptekamedea.bg/media/catalog/product/cache/1/small_image/376x376/9df78eab33525d08d6e5fb8d27136e95/e/3/e3ff7172e7e1e5d4b092c72222fd960f.jpg,4,HEALTH,ALERGY,FALSE,13.29
"Septilin (Септилин) 40 таблетки, Himalaya",2.59,https://cdn2.aptekamedea.bg/media/catalog/product/cache/1/small_image/376x376/9df78eab33525d08d6e5fb8d27136e95/p/r/product_46.jpg,5,HEALTH,ALERGY,FALSE,2.59
"Septilin (Септилин) Сироп, 100мл, Himalaya",4.09,https://cdn2.aptekamedea.bg/media/catalog/product/cache/1/small_image/376x376/9df78eab33525d08d6e5fb8d27136e95/1/9/19ef19c207790bf28e0360c54621bb5d.jpg,4,HEALTH,ALERGY,FALSE,4.09
"Алергозан - крем при ухапване от насекоми, обрив и сърбеж по кожата 60г., Sopharma",11.19,https://cdn2.aptekamedea.bg/media/catalog/product/cache/1/small_image/376x376/9df78eab33525d08d6e5fb8d27136e95/i/m/imgonline-com-ua-compressed-obg3491jdcwqsn2j.jpg,3,HEALTH,ALERGY,FALSE,11.19
"Алергозан УНГВ, Маз при обриви и сърбежи, хронични дерматити, ухапване от насекоми, 18гр.",4.49,https://cdn2.aptekamedea.bg/media/catalog/product/cache/1/small_image/376x376/9df78eab33525d08d6e5fb8d27136e95/a/l/alergozan_ung_1.jpg,4,HEALTH,ALERGY,FALSE,4.49
"Алергозан, Крем при ухапване от насекоми, обрив и сърбеж по кажата, 18гр.",4.49,https://cdn2.aptekamedea.bg/media/catalog/product/cache/1/small_image/376x376/9df78eab33525d08d6e5fb8d27136e95/a/l/allergosan_cream_bg_box_and_tube_copy_2.png,2,HEALTH,ALERGY,FALSE,4.49
"Голанил Джуниър Орален спрей, успокоява гърлото, 30мл, Naturpharma",17.99,https://cdn2.aptekamedea.bg/media/catalog/product/cache/1/small_image/376x376/9df78eab33525d08d6e5fb8d27136e95/6/4/64a7394230c4edbe3cd17019b8a0b606.jpg,2,HEALTH,ALERGY,FALSE,17.99
"Дименхидринат, 50мг, 30 таблетки",5.19,https://cdn2.aptekamedea.bg/media/catalog/product/cache/1/small_image/376x376/9df78eab33525d08d6e5fb8d27136e95/c/_/c_dimenhidrinat-tabl-50mg-h-30-987.jpg,5,HEALTH,ALERGY,FALSE,5.19
"Зенаро Антиалергично лекарство, 5мг, 7 филмирани таблетки",4.09,https://cdn2.aptekamedea.bg/media/catalog/product/cache/1/small_image/376x376/9df78eab33525d08d6e5fb8d27136e95/_/2/_2020-03-22_17-removebg-preview.png,2,HEALTH,ALERGY,FALSE,4.09
"Зенаро Таблетки при алергичен ринит, 5мг, 28 филмирани таблетки",16.39,https://cdn2.aptekamedea.bg/media/catalog/product/cache/1/small_image/376x376/9df78eab33525d08d6e5fb8d27136e95/z/e/zenaro-5mg-tabletki-x28.jpg,5,HEALTH,ALERGY,FALSE,16.39
"Зиртек D Противоалергични таблетки, 5мг/120мг, 6 бр.",6.69,https://cdn2.aptekamedea.bg/media/catalog/product/cache/1/small_image/376x376/9df78eab33525d08d6e5fb8d27136e95/z/i/zirtek-d-zyrtec-d-tabletki-5120mg-x6-image_5d06b19097723_800x800-removebg-preview.png,2,HEALTH,ALERGY,FALSE,6.69
"Зиртек Перорални капки, разтвор, при алергии, 10мг, 20мл",16.89,https://cdn2.aptekamedea.bg/media/catalog/product/cache/1/small_image/376x376/9df78eab33525d08d6e5fb8d27136e95/5/9/599.jpg,3,HEALTH,ALERGY,FALSE,16.89
"Зиртек Противоалергично средство, 10мг, 10 таблетки",8.89,https://cdn2.aptekamedea.bg/media/catalog/product/cache/1/small_image/376x376/9df78eab33525d08d6e5fb8d27136e95/9/b/9b854baa8c5847ffbb6ea6a0432de93a.jpg,3,HEALTH,ALERGY,FALSE,8.89
"Зиртек Таблетки при алергичен ринит и хронична идиопатична уртикария, 20 бр.",16.89,https://cdn2.aptekamedea.bg/media/catalog/product/cache/1/small_image/376x376/9df78eab33525d08d6e5fb8d27136e95/p/r/product_47422-removebg-preview.png,4,HEALTH,ALERGY,FALSE,16.89
"Йалоклийн (Ialoclean) Разтвор за Небулизиране, 2мл, 5 дози, Naturpharma",18.79,https://cdn2.aptekamedea.bg/media/catalog/product/cache/1/small_image/376x376/9df78eab33525d08d6e5fb8d27136e95/p/r/product_29910.jpg,4,HEALTH,ALERGY,FALSE,18.79
"Каллциев глюконат-лактат, Сироп с вкус на мандарина 150мл",4.69,https://cdn2.aptekamedea.bg/media/catalog/product/cache/1/small_image/376x376/9df78eab33525d08d6e5fb8d27136e95/_/1/_150__2_10.png,4,HEALTH,ALERGY,FALSE,4.69
"Калциев глюконат Сироп с вкус на горска ягода, 150мл",3.29,https://cdn2.aptekamedea.bg/media/catalog/product/cache/1/small_image/376x376/9df78eab33525d08d6e5fb8d27136e95/a/2/a2ec163d6fe7040b6f75ea374758afa7.jpg,5,HEALTH,ALERGY,FALSE,3.29
"Клариназе при сезонен алергичен ринит, 10 таблетки, Bayer",10.09,https://cdn2.aptekamedea.bg/media/catalog/product/cache/1/small_image/376x376/9df78eab33525d08d6e5fb8d27136e95/c/l/clarinase_front_0420.png,1,HEALTH,ALERGY,FALSE,10.09
"Кларитин при алергичен ринит и уртикария, с лоратадин 10мг, 10 таблетки, Bayer",9.89,https://cdn2.aptekamedea.bg/media/catalog/product/cache/1/small_image/376x376/9df78eab33525d08d6e5fb8d27136e95/c/l/claritin_tabl_box_3d_front_1116_1.png,1,HEALTH,ALERGY,FALSE,9.89
"Кларитин Сироп за облекчаване симптоми на алергичен ринит и уртикария, 120мл, Bayer",12.49,https://cdn2.aptekamedea.bg/media/catalog/product/cache/1/small_image/376x376/9df78eab33525d08d6e5fb8d27136e95/c/l/claritin_syrup_box_3d_front_1116.png,3,HEALTH,ALERGY,FALSE,12.49
"Ксизал Противоалергично средство, 5мг, 20 филмирани таблетки",19.99,https://cdn2.aptekamedea.bg/media/catalog/product/cache/1/small_image/376x376/9df78eab33525d08d6e5fb8d27136e95/1/5/15999-ksizal-tb-5mg-20br-ucb-0-1-4-800x800.jpg,2,HEALTH,ALERGY,FALSE,19.99
"Лорано Акут Таблетки при алергии, лоратадин, 14 бр., Sandoz",10.69,https://cdn2.aptekamedea.bg/media/catalog/product/cache/1/small_image/376x376/9df78eab33525d08d6e5fb8d27136e95/1/4/14292-lorano-akut-tb-10mg-14br-hexal-0-1-4-800x800.jpg,3,HEALTH,ALERGY,FALSE,10.69
"Лорано Акут Таблетки при алергии, лоратадин, 7бр., Sandoz",6.39,https://cdn2.aptekamedea.bg/media/catalog/product/cache/1/small_image/376x376/9df78eab33525d08d6e5fb8d27136e95/6/2/62deae2029a9865ad2c729cd016148f1.jpg,2,HEALTH,ALERGY,FALSE,6.39
"Рестив таблетки за облекчаване на алергии, 30 дъвчащи таблетки, Bioshield",14.99,https://cdn2.aptekamedea.bg/media/catalog/product/cache/1/small_image/376x376/9df78eab33525d08d6e5fb8d27136e95/1/5/151617975558952.jpg,2,HEALTH,ALERGY,FALSE,14.99
"Ролетра Таблетки при алергични симптоми, с лоратадин, 10мг, 10бр., Ecopharm",5.09,https://cdn2.aptekamedea.bg/media/catalog/product/cache/1/small_image/376x376/9df78eab33525d08d6e5fb8d27136e95/c/_/c_roletra-tabl-10mg-h-10-3444.jpg,1,HEALTH,ALERGY,FALSE,5.09
"Талерт (Talert) Сироп - Противоалергично средство, 1мг/мл 120мл",7.49,https://cdn2.aptekamedea.bg/media/catalog/product/cache/1/small_image/376x376/9df78eab33525d08d6e5fb8d27136e95/_/1/_1_120_.jpg,3,HEALTH,ALERGY,FALSE,7.49
"Талерт Таблетки при алергичен ринит и хронична уртикария 10мг, 20 филмирани таблетки",4.99,https://cdn2.aptekamedea.bg/media/catalog/product/cache/1/small_image/376x376/9df78eab33525d08d6e5fb8d27136e95/1/5/152888553170023.jpg,3,HEALTH,ALERGY,FALSE,4.99
"Фенистил гел при обриви, ухапвания от насекоми, слънчеви изгаряния, 30гр",10.19,https://cdn2.aptekamedea.bg/media/catalog/product/cache/1/small_image/376x376/9df78eab33525d08d6e5fb8d27136e95/i/m/imgonline-com-ua-compressed-njh2irm3k5wh.jpg,3,HEALTH,ALERGY,FALSE,10.19
"Фенистил гел при обриви, ухапвания от насекоми, слънчеви изгаряния, 50гр",14.39,https://cdn2.aptekamedea.bg/media/catalog/product/cache/1/small_image/376x376/9df78eab33525d08d6e5fb8d27136e95/i/m/imgonline-com-ua-compressed-wjrkww4ceacvnbn2.jpg,1,HEALTH,ALERGY,FALSE,14.39
